{
  "decompositions": {
    "d10": {
      "cost_term_token": -0.15338934313447836,
      "cost_term_wall": 0.11092683704805194,
      "phi": 0.0,
      "G": 0.0,
      "epsilon": 0.0,
      "delta_token": -0.15338934313447836,
      "delta_wall": 0.11092683704805194,
      "kappa_token": 2358.5,
      "kappa_wall": 89.40368869174563
    },
    "d01": {
      "cost_term_token": -0.23148955776722482,
      "cost_term_wall": 0.007150280500254891,
      "phi": 0.0,
      "G": 0.0,
      "epsilon": 0.0,
      "delta_token": -0.23148955776722482,
      "delta_wall": 0.007150280500254891,
      "kappa_token": 2550.0833333333335,
      "kappa_wall": 99.18020999891127
    },
    "d11": {
      "cost_term_token": -0.18484399264021034,
      "cost_term_wall": 0.02866959813274771,
      "phi": 0.0,
      "G": 0.0,
      "epsilon": 0.0,
      "delta_token": -0.18484399264021034,
      "delta_wall": 0.02866959813274771,
      "kappa_token": 2433.864864864865,
      "kappa_wall": 97.06871995154447
    }
  },
  "hypotheses": {
    "H1_wall_positive": true,
    "H1_token_nonpositive": true,
    "H1_holds": true,
    "H2_token_positive": false,
    "H2_wall_positive": true,
    "H2_holds": false,
    "H3_epsilon_d11_lt_d01": false,
    "H3_holds": false,
    "H4_epsilon_exceeds_log2": false,
    "H5_note": "Check kappa_by_context_bin for monotone increase",
    "H6_wall_positive": true,
    "H6_token_positive": false,
    "H6_holds": false
  },
  "prior": {},
  "context_bins": {
    "d00": {
      "0%-25%": 2023.111111111111,
      "25%-50%": null,
      "50%-75%": null,
      "75%-100%": null
    },
    "d10": {
      "0%-25%": 2358.5,
      "25%-50%": null,
      "50%-75%": null,
      "75%-100%": null
    },
    "d01": {
      "0%-25%": 2550.0833333333335,
      "25%-50%": null,
      "50%-75%": null,
      "75%-100%": null
    },
    "d11": {
      "0%-25%": 2433.864864864865,
      "25%-50%": null,
      "50%-75%": null,
      "75%-100%": null
    }
  }
}