{
  "analysis_label": "balanced_n30_pooled_pilot_holdout",
  "frontier": [
    {
      "deployment_loss_ci": {
        "hi": 0.4946028349218212,
        "lo": 0.2321352677019437,
        "mean": 0.3548113726706417
      },
      "log_effort_objective": -1.4415662689432889,
      "mean_c_gamma": 0.25481137267064163,
      "mean_elapsed_wall_seconds": 1163.0025860071182,
      "mean_failure_penalty": 0.1,
      "mean_final_relative_improvement": 0.19127571351151973,
      "mean_occupancy": 0.5966666666666668,
      "mean_tau": 7.666666666666667,
      "mean_total_tokens_millions": 9.253120666666668,
      "mode": "mlp_flat",
      "run_count": 30,
      "success_count": 27,
      "success_rate": 0.9,
      "threshold": 0.05,
      "worker": "gpt_5_3_codex"
    },
    {
      "deployment_loss_ci": {
        "hi": 0.16184757161551058,
        "lo": 0.08298917744149761,
        "mean": 0.11756144511942508
      },
      "log_effort_objective": -2.5087167498256076,
      "mean_c_gamma": 0.1175614451194251,
      "mean_elapsed_wall_seconds": 1614.5237788836162,
      "mean_failure_penalty": 0.0,
      "mean_final_relative_improvement": 0.2638662416804631,
      "mean_occupancy": 0.9233333333333332,
      "mean_tau": 2.466666666666667,
      "mean_total_tokens_millions": 10.012339499999998,
      "mode": "mlp_flat",
      "run_count": 30,
      "success_count": 30,
      "success_rate": 1.0,
      "threshold": 0.05,
      "worker": "gpt_5_4"
    },
    {
      "deployment_loss_ci": {
        "hi": 0.3831609416722423,
        "lo": 0.18280950725911393,
        "mean": 0.2731857638213369
      },
      "log_effort_objective": -1.3887836469362396,
      "mean_c_gamma": 0.20651909715467032,
      "mean_elapsed_wall_seconds": 2440.3105982462566,
      "mean_failure_penalty": 0.06666666666666667,
      "mean_final_relative_improvement": 0.21900871491556112,
      "mean_occupancy": 0.7466666666666665,
      "mean_tau": 4.928571428571429,
      "mean_total_tokens_millions": 19.38200753333333,
      "mode": "mlp_flat",
      "run_count": 30,
      "success_count": 28,
      "success_rate": 0.9333333333333333,
      "threshold": 0.05,
      "worker": "gpt_5_4_mini"
    },
    {
      "deployment_loss_ci": {
        "hi": 0.3196971628060164,
        "lo": 0.14562279305175493,
        "mean": 0.2191767490733553
      },
      "log_effort_objective": -1.8044622415976008,
      "mean_c_gamma": 0.18584341574002197,
      "mean_elapsed_wall_seconds": 1059.9859988609949,
      "mean_failure_penalty": 0.03333333333333333,
      "mean_final_relative_improvement": 0.22285861367523324,
      "mean_occupancy": 0.6966666666666665,
      "mean_tau": 6.241379310344827,
      "mean_total_tokens_millions": 9.29822676666667,
      "mode": "cnn_compact",
      "run_count": 30,
      "success_count": 29,
      "success_rate": 0.9666666666666667,
      "threshold": 0.05,
      "worker": "gpt_5_3_codex"
    },
    {
      "deployment_loss_ci": {
        "hi": 0.24813565809942498,
        "lo": 0.12554455618693322,
        "mean": 0.18079404249478265
      },
      "log_effort_objective": -2.0621548693432943,
      "mean_c_gamma": 0.18079404249478265,
      "mean_elapsed_wall_seconds": 2309.2293590784075,
      "mean_failure_penalty": 0.0,
      "mean_final_relative_improvement": 0.36061990026414165,
      "mean_occupancy": 0.8866666666666666,
      "mean_tau": 3.066666666666667,
      "mean_total_tokens_millions": 10.512061499999998,
      "mode": "cnn_compact",
      "run_count": 30,
      "success_count": 30,
      "success_rate": 1.0,
      "threshold": 0.05,
      "worker": "gpt_5_4"
    },
    {
      "deployment_loss_ci": {
        "hi": 0.27047564096489984,
        "lo": 0.10370030140840898,
        "mean": 0.16717101422084704
      },
      "log_effort_objective": -2.1725492119585788,
      "mean_c_gamma": 0.1338376808875137,
      "mean_elapsed_wall_seconds": 2246.456302054723,
      "mean_failure_penalty": 0.03333333333333333,
      "mean_final_relative_improvement": 0.3403312825797407,
      "mean_occupancy": 0.8783333333333334,
      "mean_tau": 2.5172413793103448,
      "mean_total_tokens_millions": 16.5411778,
      "mode": "cnn_compact",
      "run_count": 30,
      "success_count": 29,
      "success_rate": 0.9666666666666667,
      "threshold": 0.05,
      "worker": "gpt_5_4_mini"
    },
    {
      "deployment_loss_ci": {
        "hi": 0.11648500163058989,
        "lo": 0.07030864309245789,
        "mean": 0.09232208700202131
      },
      "log_effort_objective": -2.49767795228488,
      "mean_c_gamma": 0.0923220870020213,
      "mean_elapsed_wall_seconds": 1337.4036391337713,
      "mean_failure_penalty": 0.0,
      "mean_final_relative_improvement": 0.1893515253384833,
      "mean_occupancy": 0.9066666666666665,
      "mean_tau": 2.6,
      "mean_total_tokens_millions": 9.5741111,
      "mode": "resnet_micro",
      "run_count": 30,
      "success_count": 30,
      "success_rate": 1.0,
      "threshold": 0.05,
      "worker": "gpt_5_3_codex"
    },
    {
      "deployment_loss_ci": {
        "hi": 0.26395426872123723,
        "lo": 0.13302631239245336,
        "mean": 0.18994837129182285
      },
      "log_effort_objective": -2.0376818659040516,
      "mean_c_gamma": 0.18994837129182285,
      "mean_elapsed_wall_seconds": 3930.7965569178264,
      "mean_failure_penalty": 0.0,
      "mean_final_relative_improvement": 0.29618116523861476,
      "mean_occupancy": 0.9499999999999996,
      "mean_tau": 1.7333333333333334,
      "mean_total_tokens_millions": 11.064088533333337,
      "mode": "resnet_micro",
      "run_count": 30,
      "success_count": 30,
      "success_rate": 1.0,
      "threshold": 0.05,
      "worker": "gpt_5_4"
    },
    {
      "deployment_loss_ci": {
        "hi": 0.18593898763274155,
        "lo": 0.12100228328732429,
        "mean": 0.1510076739410559
      },
      "log_effort_objective": -2.0483104054119994,
      "mean_c_gamma": 0.1510076739410559,
      "mean_elapsed_wall_seconds": 4409.579423658053,
      "mean_failure_penalty": 0.0,
      "mean_final_relative_improvement": 0.32626370151940465,
      "mean_occupancy": 0.9799999999999999,
      "mean_tau": 1.3333333333333333,
      "mean_total_tokens_millions": 19.37704653333334,
      "mode": "resnet_micro",
      "run_count": 30,
      "success_count": 30,
      "success_rate": 1.0,
      "threshold": 0.05,
      "worker": "gpt_5_4_mini"
    }
  ],
  "lambda_wall": 0.0005555555555555556,
  "run_count": 270,
  "selection": {
    "cells": {
      "cnn_compact/gpt_5_3_codex": {
        "seeds": [
          9300,
          9301,
          9302,
          9303,
          9304,
          9305,
          9306,
          9307,
          9308,
          9309,
          9400,
          9401,
          9402,
          9403,
          9404,
          9405,
          9406,
          9407,
          9408,
          9409,
          9410,
          9411,
          9412,
          9413,
          9414,
          9415,
          9416,
          9417,
          9418,
          9419
        ],
        "selected": 30,
        "splits": {
          "holdout": 20,
          "pilot": 10
        }
      },
      "cnn_compact/gpt_5_4": {
        "seeds": [
          9300,
          9301,
          9302,
          9303,
          9304,
          9305,
          9306,
          9307,
          9308,
          9309,
          9400,
          9401,
          9402,
          9403,
          9404,
          9405,
          9406,
          9407,
          9408,
          9409,
          9410,
          9411,
          9412,
          9413,
          9414,
          9415,
          9416,
          9417,
          9418,
          9419
        ],
        "selected": 30,
        "splits": {
          "holdout": 20,
          "pilot": 10
        }
      },